[{"model": "admin.logentry", "pk": 6, "fields": {"action_time": "2025-07-15T10:57:45.677Z", "user": 5, "content_type": 7, "object_id": "5", "object_repr": "AI & ML", "action_flag": 3, "change_message": ""}}, {"model": "admin.logentry", "pk": 7, "fields": {"action_time": "2025-07-15T10:57:45.677Z", "user": 5, "content_type": 7, "object_id": "4", "object_repr": "Django Support", "action_flag": 3, "change_message": ""}}, {"model": "admin.logentry", "pk": 8, "fields": {"action_time": "2025-07-15T10:57:45.677Z", "user": 5, "content_type": 7, "object_id": "3", "object_repr": "Python Discussions", "action_flag": 3, "change_message": ""}}, {"model": "admin.logentry", "pk": 9, "fields": {"action_time": "2025-07-15T10:57:45.677Z", "user": 5, "content_type": 7, "object_id": "2", "object_repr": "Python", "action_flag": 3, "change_message": ""}}, {"model": "admin.logentry", "pk": 10, "fields": {"action_time": "2025-07-15T10:57:45.677Z", "user": 5, "content_type": 7, "object_id": "1", "object_repr": "Django", "action_flag": 3, "change_message": ""}}, {"model": "admin.logentry", "pk": 11, "fields": {"action_time": "2025-07-15T11:03:26.433Z", "user": 5, "content_type": 4, "object_id": "4", "object_repr": "abhinav", "action_flag": 3, "change_message": ""}}, {"model": "admin.logentry", "pk": 12, "fields": {"action_time": "2025-07-15T11:03:26.433Z", "user": 5, "content_type": 4, "object_id": "3", "object_repr": "aditya", "action_flag": 3, "change_message": ""}}, {"model": "admin.logentry", "pk": 13, "fields": {"action_time": "2025-07-15T11:03:26.433Z", "user": 5, "content_type": 4, "object_id": "1", "object_repr": "anshulanand", "action_flag": 3, "change_message": ""}}, {"model": "admin.logentry", "pk": 14, "fields": {"action_time": "2025-07-15T11:03:26.433Z", "user": 5, "content_type": 4, "object_id": "2", "object_repr": "zeeshan", "action_flag": 3, "change_message": ""}}, {"model": "admin.logentry", "pk": 15, "fields": {"action_time": "2025-07-15T11:06:20.497Z", "user": 5, "content_type": 7, "object_id": "6", "object_repr": "Python Discussions", "action_flag": 1, "change_message": "[{\"added\": {}}]"}}, {"model": "admin.logentry", "pk": 16, "fields": {"action_time": "2025-07-15T11:06:46.244Z", "user": 5, "content_type": 7, "object_id": "7", "object_repr": "Django Support", "action_flag": 1, "change_message": "[{\"added\": {}}]"}}, {"model": "admin.logentry", "pk": 17, "fields": {"action_time": "2025-07-15T11:07:01.853Z", "user": 5, "content_type": 7, "object_id": "8", "object_repr": "AI & ML", "action_flag": 1, "change_message": "[{\"added\": {}}]"}}, {"model": "admin.logentry", "pk": 18, "fields": {"action_time": "2025-07-15T15:31:16.354Z", "user": 5, "content_type": 7, "object_id": "8", "object_repr": "AI & ML", "action_flag": 3, "change_message": ""}}, {"model": "admin.logentry", "pk": 19, "fields": {"action_time": "2025-07-15T16:22:53.106Z", "user": 5, "content_type": 7, "object_id": "7", "object_repr": "Django Support", "action_flag": 3, "change_message": ""}}, {"model": "admin.logentry", "pk": 20, "fields": {"action_time": "2025-07-15T16:22:53.106Z", "user": 5, "content_type": 7, "object_id": "6", "object_repr": "Python Discussions", "action_flag": 3, "change_message": ""}}, {"model": "admin.logentry", "pk": 21, "fields": {"action_time": "2025-07-15T16:24:01.049Z", "user": 5, "content_type": 7, "object_id": "9", "object_repr": "Python", "action_flag": 1, "change_message": "[{\"added\": {}}]"}}, {"model": "admin.logentry", "pk": 22, "fields": {"action_time": "2025-07-15T16:24:30.860Z", "user": 5, "content_type": 7, "object_id": "10", "object_repr": "Django", "action_flag": 1, "change_message": "[{\"added\": {}}]"}}, {"model": "admin.logentry", "pk": 23, "fields": {"action_time": "2025-07-15T16:25:07.034Z", "user": 5, "content_type": 7, "object_id": "11", "object_repr": "Random", "action_flag": 1, "change_message": "[{\"added\": {}}]"}}, {"model": "admin.logentry", "pk": 24, "fields": {"action_time": "2025-07-15T18:50:02.774Z", "user": 5, "content_type": 9, "object_id": "9", "object_repr": "Hello, this is my test post.", "action_flag": 3, "change_message": ""}}, {"model": "admin.logentry", "pk": 25, "fields": {"action_time": "2025-07-15T18:50:12.143Z", "user": 5, "content_type": 8, "object_id": "12", "object_repr": "Test Topic", "action_flag": 3, "change_message": ""}}, {"model": "admin.logentry", "pk": 26, "fields": {"action_time": "2025-07-15T18:50:12.143Z", "user": 5, "content_type": 8, "object_id": "11", "object_repr": "Latest updates on Django 1.11", "action_flag": 3, "change_message": ""}}, {"model": "admin.logentry", "pk": 27, "fields": {"action_time": "2025-07-15T18:53:44.402Z", "user": 5, "content_type": 9, "object_id": "10", "object_repr": "Django 1.11 is the last releas", "action_flag": 3, "change_message": ""}}, {"model": "admin.logentry", "pk": 28, "fields": {"action_time": "2025-07-15T18:54:19.526Z", "user": 5, "content_type": 8, "object_id": "13", "object_repr": "Latest updates on Django 1.11", "action_flag": 3, "change_message": ""}}, {"model": "admin.logentry", "pk": 29, "fields": {"action_time": "2025-07-15T18:56:30.037Z", "user": 5, "content_type": 9, "object_id": "11", "object_repr": "Django 1.11 is the last releas", "action_flag": 3, "change_message": ""}}, {"model": "admin.logentry", "pk": 30, "fields": {"action_time": "2025-07-15T18:56:35.079Z", "user": 5, "content_type": 8, "object_id": "14", "object_repr": "Latest updates on Django 1.11", "action_flag": 3, "change_message": ""}}, {"model": "admin.logentry", "pk": 31, "fields": {"action_time": "2025-07-16T09:52:02.445Z", "user": 5, "content_type": 8, "object_id": "18", "object_repr": "Hello, everyone!", "action_flag": 3, "change_message": ""}}, {"model": "admin.logentry", "pk": 32, "fields": {"action_time": "2025-07-16T09:52:02.446Z", "user": 5, "content_type": 8, "object_id": "17", "object_repr": "Help with a project", "action_flag": 3, "change_message": ""}}, {"model": "admin.logentry", "pk": 33, "fields": {"action_time": "2025-07-16T09:52:02.446Z", "user": 5, "content_type": 8, "object_id": "16", "object_repr": "Check out this django app", "action_flag": 3, "change_message": ""}}, {"model": "admin.logentry", "pk": 34, "fields": {"action_time": "2025-07-16T09:52:02.446Z", "user": 5, "content_type": 8, "object_id": "15", "object_repr": "Latest updates on Django 1.11", "action_flag": 3, "change_message": ""}}, {"model": "auth.permission", "pk": 1, "fields": {"name": "Can add log entry", "content_type": 1, "codename": "add_logentry"}}, {"model": "auth.permission", "pk": 2, "fields": {"name": "Can change log entry", "content_type": 1, "codename": "change_logentry"}}, {"model": "auth.permission", "pk": 3, "fields": {"name": "Can delete log entry", "content_type": 1, "codename": "delete_logentry"}}, {"model": "auth.permission", "pk": 4, "fields": {"name": "Can view log entry", "content_type": 1, "codename": "view_logentry"}}, {"model": "auth.permission", "pk": 5, "fields": {"name": "Can add permission", "content_type": 2, "codename": "add_permission"}}, {"model": "auth.permission", "pk": 6, "fields": {"name": "Can change permission", "content_type": 2, "codename": "change_permission"}}, {"model": "auth.permission", "pk": 7, "fields": {"name": "Can delete permission", "content_type": 2, "codename": "delete_permission"}}, {"model": "auth.permission", "pk": 8, "fields": {"name": "Can view permission", "content_type": 2, "codename": "view_permission"}}, {"model": "auth.permission", "pk": 9, "fields": {"name": "Can add group", "content_type": 3, "codename": "add_group"}}, {"model": "auth.permission", "pk": 10, "fields": {"name": "Can change group", "content_type": 3, "codename": "change_group"}}, {"model": "auth.permission", "pk": 11, "fields": {"name": "Can delete group", "content_type": 3, "codename": "delete_group"}}, {"model": "auth.permission", "pk": 12, "fields": {"name": "Can view group", "content_type": 3, "codename": "view_group"}}, {"model": "auth.permission", "pk": 13, "fields": {"name": "Can add user", "content_type": 4, "codename": "add_user"}}, {"model": "auth.permission", "pk": 14, "fields": {"name": "Can change user", "content_type": 4, "codename": "change_user"}}, {"model": "auth.permission", "pk": 15, "fields": {"name": "Can delete user", "content_type": 4, "codename": "delete_user"}}, {"model": "auth.permission", "pk": 16, "fields": {"name": "Can view user", "content_type": 4, "codename": "view_user"}}, {"model": "auth.permission", "pk": 17, "fields": {"name": "Can add content type", "content_type": 5, "codename": "add_contenttype"}}, {"model": "auth.permission", "pk": 18, "fields": {"name": "Can change content type", "content_type": 5, "codename": "change_contenttype"}}, {"model": "auth.permission", "pk": 19, "fields": {"name": "Can delete content type", "content_type": 5, "codename": "delete_contenttype"}}, {"model": "auth.permission", "pk": 20, "fields": {"name": "Can view content type", "content_type": 5, "codename": "view_contenttype"}}, {"model": "auth.permission", "pk": 21, "fields": {"name": "Can add session", "content_type": 6, "codename": "add_session"}}, {"model": "auth.permission", "pk": 22, "fields": {"name": "Can change session", "content_type": 6, "codename": "change_session"}}, {"model": "auth.permission", "pk": 23, "fields": {"name": "Can delete session", "content_type": 6, "codename": "delete_session"}}, {"model": "auth.permission", "pk": 24, "fields": {"name": "Can view session", "content_type": 6, "codename": "view_session"}}, {"model": "auth.permission", "pk": 25, "fields": {"name": "Can add board", "content_type": 7, "codename": "add_board"}}, {"model": "auth.permission", "pk": 26, "fields": {"name": "Can change board", "content_type": 7, "codename": "change_board"}}, {"model": "auth.permission", "pk": 27, "fields": {"name": "Can delete board", "content_type": 7, "codename": "delete_board"}}, {"model": "auth.permission", "pk": 28, "fields": {"name": "Can view board", "content_type": 7, "codename": "view_board"}}, {"model": "auth.permission", "pk": 29, "fields": {"name": "Can add topic", "content_type": 8, "codename": "add_topic"}}, {"model": "auth.permission", "pk": 30, "fields": {"name": "Can change topic", "content_type": 8, "codename": "change_topic"}}, {"model": "auth.permission", "pk": 31, "fields": {"name": "Can delete topic", "content_type": 8, "codename": "delete_topic"}}, {"model": "auth.permission", "pk": 32, "fields": {"name": "Can view topic", "content_type": 8, "codename": "view_topic"}}, {"model": "auth.permission", "pk": 33, "fields": {"name": "Can add post", "content_type": 9, "codename": "add_post"}}, {"model": "auth.permission", "pk": 34, "fields": {"name": "Can change post", "content_type": 9, "codename": "change_post"}}, {"model": "auth.permission", "pk": 35, "fields": {"name": "Can delete post", "content_type": 9, "codename": "delete_post"}}, {"model": "auth.permission", "pk": 36, "fields": {"name": "Can view post", "content_type": 9, "codename": "view_post"}}, {"model": "auth.user", "pk": 5, "fields": {"password": "pbkdf2_sha256$1000000$o8vOCXrUniwgRSIReveofL$JRFtxh0esG/DhlV81sgi0dKgT1cZI18ipX5QwJ/ApSE=", "last_login": "2025-07-16T09:51:19.911Z", "is_superuser": true, "username": "admin", "first_name": "", "last_name": "", "email": "admin@example.com", "is_staff": true, "is_active": true, "date_joined": "2025-07-15T10:56:29.056Z", "groups": [], "user_permissions": []}}, {"model": "auth.user", "pk": 6, "fields": {"password": "pbkdf2_sha256$1000000$TRmCwruE0ul8vC9b0qWNw7$akCyK5zqUbKV+19SAuCj1tEmEwH7ZBRF0cMkNcBeOvI=", "last_login": "2025-07-16T09:43:58.867Z", "is_superuser": false, "username": "anshul", "first_name": "", "last_name": "", "email": "", "is_staff": false, "is_active": true, "date_joined": "2025-07-15T10:59:58.785Z", "groups": [], "user_permissions": []}}, {"model": "auth.user", "pk": 7, "fields": {"password": "pbkdf2_sha256$1000000$YBWZVovlZXhsbHrS7w6HqS$oi+vPjixgbk65ng7JXsMA7YUZ2FGtXJbgBy8bhLvvho=", "last_login": "2025-07-16T09:45:18.871Z", "is_superuser": false, "username": "abhinav", "first_name": "", "last_name": "", "email": "", "is_staff": false, "is_active": true, "date_joined": "2025-07-15T11:04:10.084Z", "groups": [], "user_permissions": []}}, {"model": "auth.user", "pk": 8, "fields": {"password": "pbkdf2_sha256$1000000$CGToWiuRaPKDmi1huI2P31$Zv2B5fKQmYL4gq67KEdoqQFPjxGJPaREfcfPVRkNEFk=", "last_login": "2025-07-16T09:46:27.798Z", "is_superuser": false, "username": "aditya", "first_name": "", "last_name": "", "email": "", "is_staff": false, "is_active": true, "date_joined": "2025-07-15T11:04:33.432Z", "groups": [], "user_permissions": []}}, {"model": "contenttypes.contenttype", "pk": 1, "fields": {"app_label": "admin", "model": "logentry"}}, {"model": "contenttypes.contenttype", "pk": 2, "fields": {"app_label": "auth", "model": "permission"}}, {"model": "contenttypes.contenttype", "pk": 3, "fields": {"app_label": "auth", "model": "group"}}, {"model": "contenttypes.contenttype", "pk": 4, "fields": {"app_label": "auth", "model": "user"}}, {"model": "contenttypes.contenttype", "pk": 5, "fields": {"app_label": "contenttypes", "model": "contenttype"}}, {"model": "contenttypes.contenttype", "pk": 6, "fields": {"app_label": "sessions", "model": "session"}}, {"model": "contenttypes.contenttype", "pk": 7, "fields": {"app_label": "boards", "model": "board"}}, {"model": "contenttypes.contenttype", "pk": 8, "fields": {"app_label": "boards", "model": "topic"}}, {"model": "contenttypes.contenttype", "pk": 9, "fields": {"app_label": "boards", "model": "post"}}, {"model": "sessions.session", "pk": "bbkl2bdwwa7th0rwpbiiz4shckhodc4x", "fields": {"session_data": ".eJxVjEEOwiAQRe_C2pAB2mFw6d4zkIGhUjVtUtqV8e7apAvd_vfef6nI21rj1soSR1Fnher0uyXOjzLtQO483Wad52ldxqR3RR-06ess5Xk53L-Dyq1-a-PQSm8JAL0E05k8mIQDsPUhCBIiSSYjxeZUnIcOgF0G6omDcwTq_QG5NTay:1ubdsQ:YOd7rVGxyWoi_6SajmavX0RNK4sVdxBtVJ9O8LdfH_w", "expire_date": "2025-07-29T11:31:14.458Z"}}, {"model": "sessions.session", "pk": "jn86hsr5l5p2jkk4qg6kw5fad28dtbov", "fields": {"session_data": ".eJxVjEEOwiAQRe_C2pAB2mFw6d4zkIGhUjVtUtqV8e7apAvd_vfef6nI21rj1soSR1Fnher0uyXOjzLtQO483Wad52ldxqR3RR-06ess5Xk53L-Dyq1-a-PQSm8JAL0E05k8mIQDsPUhCBIiSSYjxeZUnIcOgF0G6omDcwTq_QG5NTay:1ubnlN:vW7E0GkiIwl2RRU9BIfjj9qDTqSLBlhJTiAAVGXymLQ", "expire_date": "2025-07-29T22:04:37.048Z"}}, {"model": "boards.board", "pk": 9, "fields": {"name": "Python", "description": "Everything related to Python goes here."}}, {"model": "boards.board", "pk": 10, "fields": {"name": "Django", "description": "Board dedicated to Django and it's libraries."}}, {"model": "boards.board", "pk": 11, "fields": {"name": "Random", "description": "You can post about everything here! Really!"}}, {"model": "boards.topic", "pk": 19, "fields": {"subject": "List Comprehensions in Python: Best Practices", "board": 9, "starter": 6, "created_at": "2025-07-16T09:28:23.328Z", "views": 8}}, {"model": "boards.topic", "pk": 20, "fields": {"subject": "Handling Errors in Python: Try-Except vs. If-Else", "board": 9, "starter": 7, "created_at": "2025-07-16T09:30:43.720Z", "views": 8}}, {"model": "boards.topic", "pk": 21, "fields": {"subject": "Python Decorators: Use Cases and Examples", "board": 9, "starter": 8, "created_at": "2025-07-16T09:32:34.438Z", "views": 8}}, {"model": "boards.topic", "pk": 22, "fields": {"subject": "Django ORM vs. Raw SQL Queries: Which is Better?", "board": 10, "starter": 6, "created_at": "2025-07-16T09:34:17.005Z", "views": 8}}, {"model": "boards.topic", "pk": 23, "fields": {"subject": "Django Authentication: Custom User Model vs. Default User", "board": 10, "starter": 7, "created_at": "2025-07-16T09:35:48.987Z", "views": 8}}, {"model": "boards.topic", "pk": 24, "fields": {"subject": "Django Signal Handling: Practical Applications", "board": 10, "starter": 8, "created_at": "2025-07-16T09:37:13.741Z", "views": 9}}, {"model": "boards.topic", "pk": 25, "fields": {"subject": "Why is Python so Popular?", "board": 11, "starter": 6, "created_at": "2025-07-16T09:38:56.472Z", "views": 8}}, {"model": "boards.topic", "pk": 26, "fields": {"subject": "The Rise of Remote Work: Pros and Cons", "board": 11, "starter": 7, "created_at": "2025-07-16T09:40:33.031Z", "views": 8}}, {"model": "boards.topic", "pk": 27, "fields": {"subject": "Books vs. E-books: Which is Better?", "board": 11, "starter": 8, "created_at": "2025-07-16T09:42:08.575Z", "views": 8}}, {"model": "boards.post", "pk": 17, "fields": {"message": "List comprehensions can make your code more concise and readable, but overusing them can sometimes harm clarity. What are some best practices you follow when using list comprehensions in Python?", "topic": 19, "created_by": 6, "created_at": "2025-07-16T09:28:23.336Z"}}, {"model": "boards.post", "pk": 18, "fields": {"message": "I usually avoid complex expressions inside list comprehensions. If the logic is too complicated, I prefer using a regular loop for better readability.", "topic": 19, "created_by": 7, "created_at": "2025-07-16T09:29:09.656Z"}}, {"model": "boards.post", "pk": 19, "fields": {"message": "I agree with Anshul, but I also use the if condition inside list comprehensions to filter data when I need to do some basic transformations efficiently.", "topic": 19, "created_by": 8, "created_at": "2025-07-16T09:29:40.940Z"}}, {"model": "boards.post", "pk": 20, "fields": {"message": "When you're dealing with errors in Python, what do you prefer: using try-except blocks, or handling errors using if-else checks?", "topic": 20, "created_by": 7, "created_at": "2025-07-16T09:30:43.728Z"}}, {"model": "boards.post", "pk": 21, "fields": {"message": "I prefer try-except for handling exceptions. It’s more Pythonic and keeps the flow clean, especially when dealing with external inputs or files.", "topic": 20, "created_by": 6, "created_at": "2025-07-16T09:31:22.322Z"}}, {"model": "boards.post", "pk": 22, "fields": {"message": "I think if-else is useful when you expect specific conditions to be met, but try-except is my go-to for actual exceptions during runtime.", "topic": 20, "created_by": 8, "created_at": "2025-07-16T09:31:52.176Z"}}, {"model": "boards.post", "pk": 23, "fields": {"message": "Decorators in Python are a powerful tool. What are some use cases where you’ve found decorators to be extremely useful in your projects?", "topic": 21, "created_by": 8, "created_at": "2025-07-16T09:32:34.446Z"}}, {"model": "boards.post", "pk": 24, "fields": {"message": "I use decorators a lot for logging in my projects. It saves time by automatically logging function calls, parameters, and results without adding repetitive code.", "topic": 21, "created_by": 6, "created_at": "2025-07-16T09:33:07.570Z"}}, {"model": "boards.post", "pk": 25, "fields": {"message": "Decorators are great for enforcing security, like checking if a user is authenticated before running certain functions.", "topic": 21, "created_by": 7, "created_at": "2025-07-16T09:33:33.676Z"}}, {"model": "boards.post", "pk": 26, "fields": {"message": "Django's ORM provides a convenient abstraction for database queries, but in some cases, raw SQL queries can offer more control. What’s your experience with Django ORM vs. raw SQL?", "topic": 22, "created_by": 6, "created_at": "2025-07-16T09:34:17.012Z"}}, {"model": "boards.post", "pk": 27, "fields": {"message": "I use Django ORM for most cases because it's cleaner and works well with the Django ecosystem. However, for complex queries with multiple joins, raw SQL can be faster and more flexible.", "topic": 22, "created_by": 7, "created_at": "2025-07-16T09:34:48.722Z"}}, {"model": "boards.post", "pk": 28, "fields": {"message": "I prefer Django ORM for its security and ease of use. But when performance is crucial, I opt for raw SQL to optimize the query execution time.", "topic": 22, "created_by": 8, "created_at": "2025-07-16T09:35:16.191Z"}}, {"model": "boards.post", "pk": 29, "fields": {"message": "When building a Django application, should you use the default User model, or should you extend it with a custom user model from the beginning?", "topic": 23, "created_by": 7, "created_at": "2025-07-16T09:35:48.995Z"}}, {"model": "boards.post", "pk": 30, "fields": {"message": "I always recommend using a custom user model from the start. It’s better to plan for the future and avoid the headache of having to migrate later if your requirements change.", "topic": 23, "created_by": 6, "created_at": "2025-07-16T09:36:13.156Z"}}, {"model": "boards.post", "pk": 31, "fields": {"message": "It depends on the project. For simple applications, the default user model works fine. But for anything complex, especially with custom fields, a custom user model is necessary.", "topic": 23, "created_by": 8, "created_at": "2025-07-16T09:36:39.522Z"}}, {"model": "boards.post", "pk": 32, "fields": {"message": "Django signals are a good way to decouple your code, but they can become complex. What are some real-world use cases where you've found Django signals useful?", "topic": 24, "created_by": 8, "created_at": "2025-07-16T09:37:13.749Z"}}, {"model": "boards.post", "pk": 33, "fields": {"message": "I use Django signals for post-save actions, like sending emails after a user registers. It decouples the logic and keeps my views clean.", "topic": 24, "created_by": 6, "created_at": "2025-07-16T09:37:35.978Z"}}, {"model": "boards.post", "pk": 34, "fields": {"message": "Signals are great when you need to trigger actions across different parts of the system. For example, updating stock quantities when an order is placed.", "topic": 24, "created_by": 7, "created_at": "2025-07-16T09:38:05.993Z"}}, {"model": "boards.post", "pk": 35, "fields": {"message": "Python's popularity has been rising for the past few years. What makes Python so loved by developers? Is it the simplicity, libraries, or something else?", "topic": 25, "created_by": 6, "created_at": "2025-07-16T09:38:56.480Z"}}, {"model": "boards.post", "pk": 36, "fields": {"message": "It’s definitely the simplicity and readability of Python. You can quickly get things done without too much boilerplate code.", "topic": 25, "created_by": 7, "created_at": "2025-07-16T09:39:28.939Z"}}, {"model": "boards.post", "pk": 37, "fields": {"message": "For me, the vast ecosystem of libraries and frameworks, especially for data science and web development, is a big factor in Python's popularity.", "topic": 25, "created_by": 8, "created_at": "2025-07-16T09:39:58.194Z"}}, {"model": "boards.post", "pk": 38, "fields": {"message": "Remote work has become a norm for many companies. What do you think are the biggest advantages and disadvantages of working remotely?", "topic": 26, "created_by": 7, "created_at": "2025-07-16T09:40:33.040Z"}}, {"model": "boards.post", "pk": 39, "fields": {"message": "The biggest pro for me is flexibility. I can work from anywhere, but the downside is missing out on the social interactions you get in an office environment.", "topic": 26, "created_by": 6, "created_at": "2025-07-16T09:40:58.268Z"}}, {"model": "boards.post", "pk": 40, "fields": {"message": "For me, the main disadvantage is the lack of work-life balance. It’s harder to separate work from personal life when you're always working from home.", "topic": 26, "created_by": 8, "created_at": "2025-07-16T09:41:28.110Z"}}, {"model": "boards.post", "pk": 41, "fields": {"message": "With the rise of digital reading, do you still prefer physical books or do you think e-books are the future?", "topic": 27, "created_by": 8, "created_at": "2025-07-16T09:42:08.585Z"}}, {"model": "boards.post", "pk": 42, "fields": {"message": "I love the feel of physical books, but e-books are definitely more convenient. I can carry an entire library with me wherever I go.", "topic": 27, "created_by": 6, "created_at": "2025-07-16T09:42:33.725Z"}}, {"model": "boards.post", "pk": 43, "fields": {"message": "E-books are better for portability, but nothing beats the tactile experience of flipping through the pages of a real book.", "topic": 27, "created_by": 7, "created_at": "2025-07-16T09:43:03.291Z"}}]